<?xml version="1.0"?><plugin version="1.0"><name>spelling_sow_y2</name><activated>1</activated><beta>1</beta><languages><en_gb><title>Year 2</title><description/><keywords/><yeargroups/><presentation/><iconfilename>spelling-_year_2_icon-en_gb.png</iconfilename><imagefilename>spelling-_year_2_help-en_gb.png</imagefilename><largeiconimage/></en_gb></languages><imagemarkers>[]</imagemarkers><sections><section><name>overview and assesment</name><hidename>0</hidename><date_from/><date_to/><type/><activated>1</activated><free_text_pos>1</free_text_pos><use_large_icons>0</use_large_icons><section_style/><frontscreenversion/><translations><en_gb><title>Overview and guide </title><free_text/></en_gb></translations><links><application fromdate="" todate="">guides/Year2_spelling_overview</application></links></section><section><name>Autumn 1 </name><hidename>0</hidename><date_from/><date_to/><type/><activated>1</activated><free_text_pos>1</free_text_pos><use_large_icons>0</use_large_icons><section_style/><frontscreenversion/><translations><en_gb><title>Autumn 1 </title><free_text/></en_gb></translations><links><application fromdate="" todate="">diyjs/y2_Autumn1_Week1_Week</application><application fromdate="" todate="">guides/Spelling_Y2_Autumn 1_Week1_Dictation</application><application fromdate="" todate="">guides/Spelling_Y2_Autumn 1_Week1_LSCWC</application><application fromdate="" todate="">diyjs/y2_Autumn1_Week2_Week</application><application fromdate="" todate="">guides/Spelling_Y2_Autumn 1_Week2_Dictation</application><application fromdate="" todate="">guides/Spelling_Y2_Autumn 1_Week2_LSCWC</application><application fromdate="" todate="">diyjs/y2_Autumn1_Week3_Week</application><application fromdate="" todate="">guides/Spelling_Y2_Autumn 1_Week3_Dictation</application><application fromdate="" todate="">guides/Spelling_Y2_Autumn 1_Week3_LSCWC</application><application fromdate="" todate="">diyjs/y2_Autumn1_Week4_Week</application><application fromdate="" todate="">guides/Spelling_Y2_Autumn 1_Week4_Dictation</application><application fromdate="" todate="">guides/Spelling_Y2_Autumn 1_Week4_LSCWC</application><application fromdate="" todate="">diyjs/y2_Autumn1_Week5_Week</application><application fromdate="" todate="">guides/Spelling_Y2_Autumn 1_Week5_Dictation</application><application fromdate="" todate="">guides/Spelling_Y2_Autumn 1_Week5_LSCWC</application><application fromdate="" todate="">diyjs/y2_Autumn1_Week6_Week</application><application fromdate="" todate="">guides/Spelling_Y2_Autumn 1_Week6_Dictation</application><application fromdate="" todate="">guides/Spelling_Y2_Autumn 1_Week6_LSCWC</application></links></section><section><name>Autumn 2</name><hidename>0</hidename><date_from/><date_to/><type/><activated>1</activated><free_text_pos>1</free_text_pos><use_large_icons>0</use_large_icons><section_style/><frontscreenversion/><translations><en_gb><title>Autumn 2</title><free_text/></en_gb></translations><links><application fromdate="" todate="">diyjs/y2_Autumn2_Week1_Week</application><application fromdate="" todate="">guides/Spelling_Y2_Autumn 2_Week1_Dictation</application><application fromdate="" todate="">guides/Spelling_Y2_Autumn 2_Week1_LSCWC</application><application fromdate="" todate="">diyjs/y2_Autumn2_Week2_Week</application><application fromdate="" todate="">guides/Spelling_Y2_Autumn 2_Week2_Dictation</application><application fromdate="" todate="">guides/Spelling_Y2_Autumn 2_Week2_LSCWC</application><application fromdate="" todate="">diyjs/y2_Autumn2_Week3_Week</application><application fromdate="" todate="">guides/Spelling_Y2_Autumn 2_Week3_Dictation</application><application fromdate="" todate="">guides/Spelling_Y2_Autumn 2_Week3_LSCWC</application><application fromdate="" todate="">diyjs/y2_Autumn2_Week4_Week</application><application fromdate="" todate="">guides/Spelling_Y2_Autumn 2_Week4_Dictation</application><application fromdate="" todate="">guides/Spelling_Y2_Autumn 2_Week4_LSCWC</application><application fromdate="" todate="">diyjs/y2_Autumn2_Week5_Week</application><application fromdate="" todate="">guides/Spelling_Y2_Autumn 2_Week5_Dictation</application><application fromdate="" todate="">guides/Spelling_Y2_Autumn 2_Week5_LSCWC</application><application fromdate="" todate="">diyjs/y2_Autumn2_Week6_Week</application><application fromdate="" todate="">guides/Spelling_Y2_Autumn 2_Week6_Dictation</application><application fromdate="" todate="">guides/Spelling_Y2_Autumn 2_Week6_LSCWC</application></links></section><section><name>Spring 1</name><hidename>0</hidename><date_from/><date_to/><type/><activated>1</activated><free_text_pos>1</free_text_pos><use_large_icons>0</use_large_icons><section_style/><frontscreenversion/><translations><en_gb><title>Spring 1</title><free_text/></en_gb></translations><links><application fromdate="" todate="">diyjs/y2_Spring1_Week1_Week</application><application fromdate="" todate="">guides/Spelling_Y2_Spring 1_Week1_Dictation</application><application fromdate="" todate="">guides/Spelling_Y2_Spring 1_Week1_LSCWC</application><application fromdate="" todate="">diyjs/y2_Spring1_Week2_Week</application><application fromdate="" todate="">guides/Spelling_Y2_Spring 1_Week2_Dictation</application><application fromdate="" todate="">guides/Spelling_Y2_Spring 1_Week2_LSCWC</application><application fromdate="" todate="">diyjs/y2_Spring2_Week3_Week</application><application fromdate="" todate="">guides/Spelling_Y2_Spring 1_Week3_Dictation</application><application fromdate="" todate="">guides/Spelling_Y2_Spring 1_Week3_LSCWC</application><application fromdate="" todate="">diyjs/y2_Spring1_Week4_Week</application><application fromdate="" todate="">guides/Spelling_Y2_Spring 1_Week4_Dictation</application><application fromdate="" todate="">guides/Spelling_Y2_Spring 1_Week4_LSCWC</application><application fromdate="" todate="">diyjs/y2_Spring1_Week5_Week</application><application fromdate="" todate="">guides/Spelling_Y2_Spring 1_Week5_Dictation</application><application fromdate="" todate="">guides/Spelling_Y2_Spring 1_Week5_LSCWC</application><application fromdate="" todate="">diyjs/y2_Spring1_Week6_Week</application><application fromdate="" todate="">guides/Spelling_Y2_Spring 1_Week6_Dictation</application><application fromdate="" todate="">guides/Spelling_Y2_Spring 1_Week6_LSCWC</application></links></section><section><name>Spring 2</name><hidename>0</hidename><date_from/><date_to/><type/><activated>1</activated><free_text_pos>1</free_text_pos><use_large_icons>0</use_large_icons><section_style/><frontscreenversion/><translations><en_gb><title>Spring 2</title><free_text/></en_gb></translations><links><application fromdate="" todate="">diyjs/y2_Spring2_Week1_Week</application><application fromdate="" todate="">guides/Spelling_Y2_Spring 2_Week1_Dictation</application><application fromdate="" todate="">guides/Spelling_Y2_Spring 2_Week1_LSCWC</application><application fromdate="" todate="">diyjs/y2_Spring2_Week2_Week</application><application fromdate="" todate="">guides/Spelling_Y2_Spring 2_Week2_Dictation</application><application fromdate="" todate="">guides/Spelling_Y2_Spring 2_Week2_LSCWC</application><application fromdate="" todate="">diyjs/y2_Spring2_Week3_Week</application><application fromdate="" todate="">guides/Spelling_Y2_Spring 2_Week3_Dictation</application><application fromdate="" todate="">guides/Spelling_Y2_Spring 2_Week3_LSCWC</application><application fromdate="" todate="">diyjs/y2_Spring2_Week4_Week</application><application fromdate="" todate="">guides/Spelling_Y2_Spring 2_Week4_Dictation</application><application fromdate="" todate="">guides/Spelling_Y2_Spring 2_Week4_LSCWC</application><application fromdate="" todate="">diyjs/y2_Spring2_Week5_Week</application><application fromdate="" todate="">guides/Spelling_Y2_Spring 2_Week5_Dictation</application><application fromdate="" todate="">guides/Spelling_Y2_Spring 2_Week5_LSCWC</application><application fromdate="" todate="">diyjs/y2_Spring2_Week6_Week</application><application fromdate="" todate="">guides/Spelling_Y2_Spring 2_Week6_Dictation</application><application fromdate="" todate="">guides/Spelling_Y2_Spring 2_Week6_LSCWC</application></links></section><section><name>Summer 1</name><hidename>0</hidename><date_from/><date_to/><type/><activated>1</activated><free_text_pos>1</free_text_pos><use_large_icons>0</use_large_icons><section_style/><frontscreenversion/><translations><en_gb><title>Summer 1</title><free_text/></en_gb></translations><links><application fromdate="" todate="">diyjs/y2_Summer1_Week1_Week</application><application fromdate="" todate="">guides/Spelling_Y2_Summer 1_Week1_Dictation</application><application fromdate="" todate="">guides/Spelling_Y2_Summer 1_Week1_LSCWC</application><application fromdate="" todate="">diyjs/y2_Summer1_Week2_Week</application><application fromdate="" todate="">guides/Spelling_Y2_Summer 1_Week2_Dictation</application><application fromdate="" todate="">guides/Spelling_Y2_Summer 1_Week2_LSCWC</application><application fromdate="" todate="">diyjs/y2_Summer1_Week3_Week</application><application fromdate="" todate="">guides/Spelling_Y2_Summer 1_Week3_Dictation</application><application fromdate="" todate="">guides/Spelling_Y2_Summer 1_Week3_LSCWC</application><application fromdate="" todate="">diyjs/y2_Summer1_Week4_Week</application><application fromdate="" todate="">guides/Spelling_Y2_Summer 1_Week4_Dictation</application><application fromdate="" todate="">guides/Spelling_Y2_Summer 1_Week4_LSCWC</application><application fromdate="" todate="">diyjs/y2_Summer1_Week5_Week</application><application fromdate="" todate="">guides/Spelling_Y2_Summer 1_Week5_Dictation</application><application fromdate="" todate="">guides/Spelling_Y2_Summer 1_Week5_LSCWC</application><application fromdate="" todate="">diyjs/y2_Summer1_Week6_Week</application><application fromdate="" todate="">guides/Spelling_Y2_Summer 1_Week6_Dictation</application><application fromdate="" todate="">guides/Spelling_Y2_Summer 1_Week6_LSCWC</application></links></section><section><name>Summer 2</name><hidename>0</hidename><date_from/><date_to/><type/><activated>1</activated><free_text_pos>1</free_text_pos><use_large_icons>0</use_large_icons><section_style/><frontscreenversion/><translations><en_gb><title>Summer 2</title><free_text/></en_gb></translations><links><application fromdate="" todate="">diyjs/y2_Summer2_Week1_Week</application><application fromdate="" todate="">guides/Spelling_Y2_Summer 2_Week1_Dictation</application><application fromdate="" todate="">guides/Spelling_Y2_Summer 2_Week1_LSCWC</application><application fromdate="" todate="">diyjs/y2_Summer2_Week2_Week</application><application fromdate="" todate="">guides/Spelling_Y2_Summer 2_Week2_Dictation</application><application fromdate="" todate="">guides/Spelling_Y2_Summer 2_Week2_LSCWC</application><application fromdate="" todate="">diyjs/y2_Summer2_Week3_Week</application><application fromdate="" todate="">guides/Spelling_Y2_Summer 2_Week3_Dictation</application><application fromdate="" todate="">guides/Spelling_Y2_Summer 2_Week3_LSCWC</application><application fromdate="" todate="">diyjs/y2_Summer2_Week4_Week</application><application fromdate="" todate="">guides/Spelling_Y2_Summer 2_Week4_Dictation</application><application fromdate="" todate="">guides/Spelling_Y2_Summer 2_Week4_LSCWC</application><application fromdate="" todate="">diyjs/y2_Summer2_Week5_Week</application><application fromdate="" todate="">guides/Spelling_Y2_Summer 2_Week5_Dictation</application><application fromdate="" todate="">guides/Spelling_Y2_Summer 2_Week5_LSCWC</application><application fromdate="" todate="">diyjs/y2_Summer2_Week6_Week</application><application fromdate="" todate="">guides/Spelling_Y2_Summer 2_Week6_Dictation</application><application fromdate="" todate="">guides/Spelling_Y2_Summer 2_Week6_LSCWC</application></links></section></sections></plugin>