<?xml version="1.0" encoding="UTF-8"?><plugin><name>Spelling_Y2_Autumn 1_Week6</name><folder>guides</folder><iconfilename>icon.png</iconfilename><imagefilename>User-Guide-Icons.png</imagefilename><launcher>link</launcher><link>Year 2 Autumn 1 Week 6 LSCWC.pdf</link><params>sharedLinkMode=1</params><activated>1</activated><role>2</role><beta>1</beta><statstag>generic</statstag><searchable>1</searchable><allow_2do>1</allow_2do><mainsubject>literacy</mainsubject><allowguest>1</allowguest><languages><en_gb><title>Week 6 - LSCWC</title><description>Look Say Write Cover and Check printable for pupils</description><keywords>LSCWC, Look, Say, Write, Cover, Check, spellings</keywords><yeargroups/><subjects>en</subjects><apppath/><activityname/><presentation/><iconfilename>Week6_LSCWC_icon-en_gb.png</iconfilename><imagefilename>Week6_LSCWC_help-en_gb.png</imagefilename><largeiconimage/></en_gb></languages><bundles>Package A</bundles><imagemarkers>[]</imagemarkers></plugin>