<?xml version="1.0" encoding="UTF-8"?><plugin><name>Spelling_Y2_Autumn 1_Week3_Dictation</name><folder>guides</folder><iconfilename>icon.png</iconfilename><imagefilename>User-Guide-Icons.png</imagefilename><launcher>link</launcher><link>Year 2 Autumn 1 Week 3 Dictations.pdf</link><params>sharedLinkMode=1</params><activated>1</activated><role>2</role><beta>1</beta><statstag>generic</statstag><searchable>1</searchable><allow_2do>1</allow_2do><mainsubject>literacy</mainsubject><allowguest>1</allowguest><languages><en_gb><title>Week 3 - Dictation</title><description>Dictation for weekly spellings with pupil page and answer page.</description><keywords>dictation, year 2, y2, Autumn 1, spelling</keywords><yeargroups/><subjects>en</subjects><apppath/><activityname/><presentation/><iconfilename>Week3_Dictation_icon-en_gb.png</iconfilename><imagefilename>Week3_Dictation_help-en_gb.png</imagefilename><largeiconimage/></en_gb></languages><bundles>Package A</bundles><imagemarkers>[]</imagemarkers></plugin>