<?xml version="1.0" encoding="UTF-8"?><plugin><name>y2_Autumn 1_Week3_Week</name><folder>diyjs</folder><iconfilename>icon.png</iconfilename><imagefilename>help.png</imagefilename><launcher>jsapps/diy/quiz</launcher><link>y2_Autumn 1_Week3_Week.2quiz</link><params>sharedLinkMode=1</params><activated>1</activated><statstag>2quiz</statstag><searchable>1</searchable><allow_2do>1</allow_2do><mainsubject>other</mainsubject><allowguest>1</allowguest><languages><en_gb><title>Week 3 - Quiz</title><description>y2_Autumn 1_Week3_Week</description><keywords>grammar, literacy, text toolkit, cloze, sentence, punctuation, spelling</keywords><yeargroups>2</yeargroups><subjects>en,li</subjects><apppath/><activityname/><presentation/><iconfilename>quiz_wk3_icon-en_gb.png</iconfilename><imagefilename>quiz_wk3_help-en_gb.png</imagefilename><largeiconimage/></en_gb></languages><bundles>Package A</bundles><imagemarkers>[]</imagemarkers></plugin>